Model,RMSE,R2
Ridge (Linear),0.029982504909546175,-0.03948118931010214
GradBoost (Tuned),0.030523225269927283,-0.07731238231315563
RandomForest (Tuned),0.03155632430775738,-0.15147265567470858
